val/loss,val/acc,val/acc_best,val/loss_best,epoch,step
0.6564281582832336,0.7872999906539917,0.7872999906539917,0.6564281582832336,0,45
